Particle,Sector,Operator sector,Mode n,Lambda_tilde,Raw harmonic degeneracy,Lambda role,d_i retained,r_i,"(a,b,c)",C_i exact,C_i decimal,M_surf_MeV,m_SFT_MeV,m_SFT_GeV
e,charged lepton,Vector,1,2,6,Lowest retained,1,1,"(-1, -3, 0)",1/54,0.018518518518518517,27.293782381810974,0.5054404144779809,0.0005054404144779809
mu,charged lepton,Vector,2,7,16,First excitation,1,1,"(0, 0, 1)",4,4.0,27.293782381810974,109.1751295272439,0.1091751295272439
tau,charged lepton,Vector,3,14,30,Higher excitation,1,1,"(0, 0, 3)",64,64.0,27.293782381810974,1746.8020724359023,1.7468020724359024
u,quark,Vector,1,2,6,Lowest retained,3,1,"(0, -1, -1)",1/12,0.08333333333333333,27.293782381810974,2.274481865150914,0.002274481865150914
d,quark,Vector,1,2,6,Lowest retained,3,1,"(1, -1, -1)",1/6,0.16666666666666666,27.293782381810974,4.548963730301828,0.004548963730301828
s,quark,Vector,2,7,16,First excitation,3,1,"(0, 0, 1)",4,4.0,27.293782381810974,109.1751295272439,0.1091751295272439
c,quark,Vector,3,14,30,Higher excitation,3,1,"(0, 1, 2)",48,48.0,27.293782381810974,1310.1015543269268,1.3101015543269268
b,quark,Vector,3,14,30,Higher excitation,3,1,"(0, 2, 2)",144,144.0,27.293782381810974,3930.3046629807804,3.9303046629807805
t,quark,Vector,4,23,48,Maximal retained,8,1,"(0, 8, 0)",6561,6561.0,27.293782381810974,179074.50620706182,179.0745062070618
